<?xml version="1.0" encoding="UTF-8"?>
<metadata xml:lang="en"><Esri><CreaDate>20200320</CreaDate><CreaTime>16424200</CreaTime><ArcGISFormat>1.0</ArcGISFormat><SyncOnce>TRUE</SyncOnce><DataProperties><itemProps><itemLocation><linkage Sync="TRUE">file://\\DESKTOP-BG0FIKU\C$\Users\thet.zaw.tun\United Nations Development Programme\Catherine Lefebvre - 02_Base_map2\01_Admin\mmr_polbnda2_adm1_250k_mimu</linkage><protocol Sync="TRUE">Local Area Network</protocol></itemLocation></itemProps><copyHistory><copy source="G:\02_Base_map2\01_Admin\mmr_polbnda2_adm1_250k_mimu" dest="\\DESKTOP-BG0FIKU\C$\Users\thet.zaw.tun\United Nations Development Programme\Catherine Lefebvre - 02_Base_map2\01_Admin\mmr_polbnda2_adm1_250k_mimu" date="20200320" time="16424200"></copy></copyHistory></DataProperties></Esri></metadata>
