<?xml version="1.0" encoding="UTF-8"?>
<metadata xml:lang="en"><Esri><CreaDate>20200320</CreaDate><CreaTime>16425100</CreaTime><ArcGISFormat>1.0</ArcGISFormat><SyncOnce>TRUE</SyncOnce><DataProperties><lineage><Process ToolSource="c:\program files (x86)\arcgis\desktop10.5\ArcToolbox\Toolboxes\Data Management Tools.tbx\CalculateField" Date="20200318" Time="164432">CalculateField mmr_polbnda_adm3_250k_mimu_Mod_18Mar2020 AREA 1 VB #</Process></lineage><itemProps><itemLocation><linkage Sync="TRUE">file://\\DESKTOP-BG0FIKU\C$\Users\thet.zaw.tun\United Nations Development Programme\Catherine Lefebvre - 02_Base_map2\01_Admin\mmr_polbnda2_adm3_250k_mimu</linkage><protocol Sync="TRUE">Local Area Network</protocol></itemLocation></itemProps><copyHistory><copy source="G:\02_Base_map2\01_Admin\mmr_polbnda2_adm3_250k_mimu" dest="\\DESKTOP-BG0FIKU\C$\Users\thet.zaw.tun\United Nations Development Programme\Catherine Lefebvre - 02_Base_map2\01_Admin\mmr_polbnda2_adm3_250k_mimu" date="20200320" time="16425100"></copy></copyHistory></DataProperties></Esri></metadata>
